Period,Total Pendapatan,Total Beban Pokok Penjualan,Adjustment,Total
12M 2015,332414165807.000000,-274977162002.000000,,
12M 2016,245681525652.000000,-203434471771.000000,,
12M 2017,258272501858.000000,-208630132414.000000,,
12M 2018,292290640713.000000,-262931974969.000000,,
12M 2019,343283077876.000000,-298979804553.000000,,
12M 2020,132196198859.000000,-192867307633.000000,,
12M 2021,16540856438.000000,-18951871817.000000,,
