Period,Total Pendapatan,Pendapatan Bunga,Others,Total Pendapatan,Total Beban Pokok Penjualan,Beban Bunga,Others,Total
12M 2016,1025409212453.0,1025308552453.0,100660000.0,1025409212453.0,-334818767557.0,-334635203757.0,-183563800.0,
12M 2017,1026201831931.0,1026127401121.0,74430810.0,1026201831931.0,-301880285078.0,-301820895078.0,-59390000.0,
12M 2018,1026137099056.000000,1026137099056.000000,,1026137099056.000000,-339192456458.000000,-339167553637.000000,-24902821.000000,
12M 2019,1058536635511.000000,1058536635511.000000,,1058536635511.000000,-358120232566.000000,-358086464478.000000,-33768088.000000,
12M 2020,1122202992204.000000,1122202992204.000000,,1122202992204.000000,-326786068033.000000,-326616871157.000000,-169196876.000000,
12M 2021,1210024703763.000000,1210024703763.000000,,1210024703763.000000,-295120326839.000000,-295051200056.000000,-69126783.000000,
12M 2022,1291746266046.000000,1291746266046.000000,,1291746266046.000000,-297047307676.000000,-297052724277.000000,5416601.000000,
12M 2023,1233332886446.000000,1233332886446.000000,,1233332886446.000000,-296366872454.000000,-296342161454.000000,-24711000.000000,
12M 2024,1218340799191.000000,1218340799191.000000,,1218340799191.000000,-302016210498.000000,-302063794649.000000,47584151.000000,
