Period,Total Pendapatan,Pendapatan Bunga,Provisi Dan Komisi Kredit,Others,Total Pendapatan,Total Beban Pokok Penjualan,Beban Bunga,Beban Provisi Dan Komisi,Total
12M 2020,1212226156911.000000,1212226156911.000000,,,1212226156911.000000,-760869345246.000000,-760869345246.000000,,
12M 2021,1284699065001.000000,1284699065001.000000,,,1284699065001.000000,-657621734701.000000,-657621734701.000000,,
12M 2022,1287835095928.000000,1287835095928.000000,,,1287835095928.000000,-524265912187.000000,-524265912187.000000,,
12M 2023,1477869255192.000000,1477869255192.000000,,,1477869255192.000000,-737591323437.000000,-737591323437.000000,,
12M 2024,1797238366212.000000,1797238366212.000000,,,1797238366212.000000,-960332032153.000000,-960332032153.000000,,
