Period,Total Pendapatan,Others,Total Pendapatan,Total Beban Pokok Penjualan,Others,Total
12M 2017,104274000000.0,104274000000.0,104274000000.0,-14988000000.0,-14988000000.0,
12M 2018,61445000000.0,61445000000.0,61445000000.0,-4375000000.0,-4375000000.0,
12M 2019,51471000000.000000,51471000000.000000,51471000000.000000,,,
12M 2020,31277000000.0,31277000000.0,31277000000.0,-158000000.0,-158000000.0,
12M 2021,36111000000.0,36111000000.0,36111000000.0,-403000000.0,-403000000.0,
12M 2022,81755000000.0,81755000000.0,81755000000.0,-23982000000.0,-23982000000.0,
12M 2023,334502000000.0,334502000000.0,334502000000.0,-121047000000.0,-121047000000.0,
12M 2024,613442000000.0,613442000000.0,613442000000.0,-308801000000.0,-308801000000.0,
